link,title,location,price,summary_description,square_meters,rent,number_of_rooms,deposit,floor_level,building_type,available_from,balcony_garden_terrace,remote service,completion,ownership,rent_to_students,equipment,media_types,heating,security,windows,elevator,parking_space,build_year,building_material,additional_information
https://www.otodom.pl/pl/oferta/bezposrednio-wola-2-pokojowe-ID4oYsF.html,"BEZPOŚREDNIO, wola, 2 pokojowe","ul. Władysława Przanowskiego 83, Ulrychów, Wola, Warszawa, mazowieckie",3 000 zł,"Wynajmę bezpośrednio mieszkanie w Warszawie przy stacji Metra Ulrychów, okolice Wola Park.
Mieszkanie po generalnym remoncie, świeże.
Zlokalizowane na 2 piętrze w 3 piętrowym budynku.
Wyposażone w meble, sprzęt AGD, nowe meble kuchenne.

W pobliżu komunikacja miejska: metro Ulrychów, autobus; centrum handlowe Wola Park, szkoły, przedszkola, kino, basen...szybki dojazd do centrum miasta.


Do wynajęcia od zaraz.

Koszt miesięczny wynajmu - 3 000 zł + opłaty za zużyte media ( zimna i ciepła woda, ogrzewanie, prąd, gaz, oplata śmieciowa)",36 m²,,2,,2/3,blok,,balkon,Obsługa zdalnaZapytaj,do zamieszkania,prywatny,brak informacji,"lodówka, meble, piekarnik, kuchenka, pralka","telewizja kablowa, internet",miejskie,brak informacji,drewniane,nie,brak informacji,brak informacji,cegła,brak informacji
https://www.otodom.pl/pl/oferta/ciche-52m2przy-kanale-zeranskim-bez-prowizj-ID4oaVH.html,Ciche 52m2przy kanale żerańskim - Bez Prowizj,"ul. Żeglugi Wiślanej, Kobiałka, Białołęka, Warszawa, mazowieckie",2 340 zł,"Zamieszkaj w ciszy i dobrym standardzie

         0% prowizji - Najemca nie ponosi żadnych dodatkowych kosztów.
 

Warszawa* ul. Żeglugi Wiślanej 9 * Białołęka *  51,70 m2 * 
2 pokoje  * 3 piętro / 3  bez windy * pełne wyposażenie * blok 2011 r
        


                   Co zyskasz wynajmując to mieszkanie?
 
•   pełne wyposażenie mieszkania – możliwość wprowadzenia się bez żadnych inwestycji od zaraz
•   funkcjonalną przestrzeń (salon + osobna kuchnia + sypialnia + łazienka + balkon)
•   dobre warunki do gotowania, dzięki oddzielnej, w pełni wyposażonej kuchni z oknem
•   wygodne łóżko 160 x 200 cm
•   duży balkon ok. 9m2 od cichej strony osiedla z widokiem na warszawki Skyline 
•   współpracę bezprowizyjną – nie ponosisz żadnych kosztów
•   wszystkie niezbędne punkty usługowe w pobliżu (sklep spożywczy, piekarnia, cukiernia, apteka, paczkomat)
•   przystanek autobusowy w pobliżu z bezpośrednim dojazdem do obu linii metra 
•   tereny rekreacyjne i spacerowe na wyciągnięcie ręki
•   ciszę i spokój – dobre warunki do pracy zdalnej
 •   wygodne, oświetlone miejsce parkingowe widoczne ze wszystkich okien w mieszkaniu 
•   możliwość podłączenia szybkiego internetu 1 Gb/s u operatów Netia, Orange, Play (UPC) i JMDI
•   właściciela, który dba o Twoje potrzeby i szanuje Twoją prywatność :)


Ile inwestujesz?

2340 zł +200 zł /mc ( opcjonalne  miejsce parkingowe) woda, prąd, ogrzewanie, śmieci ok. 400 zł /mc

Kaucja zwrotna: 2940 zł


 
Szukamy osób pracujących, niepalących, bez zwierząt,  na okres minimum 12 miesięcy.

 
Zainteresowany? Dzwoń w godzinach 11-19 od poniedziałku do piątku.

Szymon , tel.: 794 383 111","51,7 m²",,2,2 940 zł,3/3,blok,2024-02-05,balkon,Obsługa zdalnaZapytaj,do zamieszkania,biuro nieruchomości,brak informacji,"zmywarka, lodówka, meble, piekarnik, kuchenka, pralka",brak informacji,miejskie,"teren zamknięty, domofon / wideofon, monitoring / ochrona",plastikowe,nie,garaż/miejsce parkingowe,2011,cegła,"tylko dla niepalących, oddzielna kuchnia"
https://www.otodom.pl/pl/oferta/rezerwacja-m2-44m2-balkon-garaz-praga-pld-ID4oRGR.html,REZERWACJA - M2 44m2 | Balkon | Garaż | Praga Płd.,"ul. Ostrobramska, Gocław, Praga-Południe, Warszawa, mazowieckie",3 200 zł,"REZERWACJA!!!

Oferuję do wynajęcia dwupokojowe mieszkanie o powierzchni 43.9 m2 na osiedlu ""Trzy Wieże"" przy ul. Ostrobramskiej 83 na Pradze Południe. Budynek powstał w 2004 roku na zamkniętym osiedlu z ochroną i patio. Mieszkanie znajduje się na 4 piętrze.

Mieszkanie składa się z:
- korytarza z zabudowaną szafą i pawlaczem oraz z otwartą kuchnią. Kuchnia wyposażona w niezbędne AGD (lodówka, piekarnik, płyta indukcyjna, okap)
- sypialni z łóżkiem (materac 160cm) oraz szafą
- łazienki z kabiną prysznicową oraz pralką
- zamykanego salonu z sofą z wyjściem na balkon

Na 3 piętrze znajdują się: sklep spożywczy, gabinet kosmetyczny, gabinet stomatologiczny, fryzjer oraz centrum rekreacji i fitness (basen, sauna, siłownia) tylko dla mieszkańców.

Pod blokiem przystanek autobusowy ""Zamieniecka"" z licznymi liniami autobusowymi. W pobliżu Centrum Handlowe Atrium Promenada.

Cena: 3200 zł + opłaty za prąd. Miejsce postojowe w garażu podziemnym na poziomie -1 w cenie. Kaucja w wysokości miesięcznego czynszu. Umowa najmu okazjonalnego na 12 miesięcy. Mieszkanie wolne od zaraz.

Brak zgody na trzymanie zwierząt w mieszkaniu. Preferowani najemcy: single lub pary ze stałym zatrudnieniem.","43,9 m²",1 zł/miesiąc,2,3 200 zł,4/18,blok,,balkon,Obsługa zdalnatak,do zamieszkania,biuro nieruchomości,brak informacji,"lodówka, meble, piekarnik, kuchenka, pralka",internet,miejskie,"teren zamknięty, domofon / wideofon, monitoring / ochrona",plastikowe,tak,garaż/miejsce parkingowe,2004,żelbet,oddzielna kuchnia
https://www.otodom.pl/pl/oferta/3-oddzielne-pok-park-picassa-bez-prowizji-ID4oclG.html,3 oddzielne pok. - Park Picassa - Bez prowizji,"ul. Erazma z Zakroczymia, Tarchomin, Białołęka, Warszawa, mazowieckie",3 000 zł,"Zamieszkaj w ciszy w dobrym standardzie na ponad 63 m2

         0% prowizji - Najemca nie ponosi żadnych dodatkowych kosztów.


 
Warszawa* ul. Erazma z Zakroczymia 6 * Białołęka  - Tarchomin*  63,6 m2 *
3 pokoje  * 1 piętro / 10  z windą* wysoki standard * pełne wyposażenie * blok 1993 r
        


                  Co zyskasz wynajmując to mieszkanie?
 


•   wysoki standard mieszkania – szykowane było na własne potrzeby dobrej jakości materiałami
•   pełne wyposażenie – możesz się wprowadzić bez żadnych inwestycji
•   ponad 63 m2 przestrzeni (salon + kuchnia + 2 sypialnie + łazienka +wc)
•   dobre warunki do gotowania, dzięki oddzielnej, w pełni wyposażonej kuchni z oknem
•   wygodne łóżko 160 x 200 cm
•   dużą ilość miejsca na przechowywanie ubrań, dzięki pojemnym szafom
•   duży balkon ok. 8m2 od cichej strony
•   współpracę bezprowizyjną – nie ponosisz żadnych kosztów
•   łatwość zaparkowania, dzięki dużej ilości ogólnodostępnych miejsc
•   możliwość korzystania z opcjonalnego serwisu sprzątającego
•   wszystkie niezbędne punkty usługowe w pobliżu ( CH Galeria Północna, piekarnia, cukiernia, bazarek, paczkomat, restauracje, sklepy spożywcze, drogeria, supermarkety)
•  idealną komunikację miejską (przystanek autobusowy Kamińskiego 02 i tramwajowy Tarchomin 05) 300 m od bloku
•   ciszę i spokój – dobre warunki do pracy zdalnej
•   właściciela, który dba o Twoje potrzeby i szanuje Twoją prywatność :)
 



Ile inwestujesz?

3000 zł + woda, prąd, ogrzewanie, śmieci ok. 550 zł /mc

Kaucja zwrotna: 3550 zł



Szukamy osób pracujących, niepalących, bez zwierząt,  na okres minimum 12 miesięcy.


Zainteresowany? Dzwoń w godzinach 11-19 od poniedziałku do piątku.

Szymon , tel.: 794 383 111",63 m²,,3,3 550 zł,1/10,blok,2024-01-19,balkon,Obsługa zdalnaZapytaj,do zamieszkania,biuro nieruchomości,brak informacji,"zmywarka, lodówka, meble, piekarnik, kuchenka, pralka",brak informacji,miejskie,domofon / wideofon,plastikowe,tak,brak informacji,1993,cegła,"tylko dla niepalących, oddzielna kuchnia"
